<?xml version="1.0" encoding="UTF-8"?>
<profile>
  <music type="menu" playlist="menu/menu.m3u" />
  <music type="ingame" playlist="ingame/ingame.m3u" />
  <music type="fear" playlist="ingame/fear.m3u" />
  <music type="sea" playlist="ingame/sea.m3u" />
  <music type="funfair" playlist="ingame/funfair.m3u" />
  <music type="monkey" playlist="ingame/monkey.m3u" />
  <music type="construction" playlist="ingame/construction.m3u" />
  <music type="circux" playlist="ingame/circux.m3u" />
  <music type="diabolicux" playlist="ingame/diabolicux.m3u" />
  <music type="exoticux" playlist="ingame/exoticux.m3u" />
  <music type="woodlux" playlist="ingame/woodlux.m3u" />
</profile>
